ID,Nombre,Apellido,Nota 1,Nota 2,Nota 3,Nota 4,Promedio,Resultado

702790071,a,a,55,55,55,,55.0,
702790072,a,a,60,65,65,,63.333333333333336,
702790073,b,b,65,66,65,,65.33333333333333,
,
,
702790074,c,c,10,20,30,,20.0,
702790075,d,d,10,20,30,,20.0,
702790076,f,f,10,20,30,50,33.333333333333336,
702790077,g,g,10,20,30,20,23.333333333333332,
702790078,d,d,10,20,30,10,20.0,

