ID,Nombre,Apellido,Nota 1,Nota 2,Nota 3,Nota 4,Promedio,Resultado

702790071,a,a,55,55,55,60,56.666666666666664,CONVOCATORIA,
702790072,a,a,60,65,65,40,63.333333333333336,CONVOCATORIA,
702790073,b,b,65,66,65,,65.33333333333333,APROBADO,
702790074,c,c,70,60,80,
702790075,d,d,10,20,30,
702790076,f,f,50,20,50,70,
702790077,g,g,10,20,30,
702790078,d,d,10,20,30,90,

